{"cameraMode":{"drawMode":0,"name":"Shaded","section":"Shading Mode"},"sceneLighting":false,"audioPlay":false,"sceneViewState":{"m_AlwaysRefresh":false,"showFog":true,"showSkybox":true,"showFlares":true,"showImageEffects":true,"showParticleSystems":true,"showVisualEffectGraphs":true,"m_FxEnabled":true},"in2DMode":false,"pivot":{"x":32.130184173583987,"y":4.874475479125977,"z":17.089462280273439},"rotation":{"x":-0.5852460861206055,"y":-0.033545512706041339,"z":0.024245787411928178,"w":-0.8097878098487854},"size":32.567527770996097,"orthographic":false}