{"cameraMode":{"drawMode":0,"name":"Shaded","section":"Shading Mode"},"sceneLighting":false,"audioPlay":false,"sceneViewState":{"m_AlwaysRefresh":false,"showFog":true,"showSkybox":false,"showFlares":true,"showImageEffects":true,"showParticleSystems":true,"showVisualEffectGraphs":true,"m_FxEnabled":true},"in2DMode":false,"pivot":{"x":-0.3933081030845642,"y":-2.3842520713806154,"z":6.095409393310547},"rotation":{"x":-0.13786610960960389,"y":0.0050488924607634548,"z":-0.0007012535934336484,"w":-0.9904299974441528},"size":7.794228553771973,"orthographic":false}