{"cameraMode":{"drawMode":0,"name":"Shaded","section":"Shading Mode"},"sceneLighting":false,"audioPlay":false,"sceneViewState":{"m_AlwaysRefresh":false,"showFog":true,"showSkybox":false,"showFlares":true,"showImageEffects":true,"showParticleSystems":true,"showVisualEffectGraphs":true,"m_FxEnabled":true},"in2DMode":false,"pivot":{"x":0.06518054008483887,"y":0.9176641702651978,"z":0.21493446826934815},"rotation":{"x":-0.27126631140708926,"y":0.19662456214427949,"z":-0.05671186372637749,"w":-0.9404899477958679},"size":4.1575422286987309,"orthographic":false}