{"cameraMode":{"drawMode":0,"name":"Shaded","section":"Shading Mode"},"sceneLighting":false,"audioPlay":false,"sceneViewState":{"m_AlwaysRefresh":false,"showFog":true,"showSkybox":false,"showFlares":true,"showImageEffects":true,"showParticleSystems":true,"showVisualEffectGraphs":true,"m_FxEnabled":true},"in2DMode":false,"pivot":{"x":0.000431060791015625,"y":-0.31249991059303286,"z":0.00096893310546875},"rotation":{"x":-0.5647426247596741,"y":0.0190582275390625,"z":-0.013044976629316807,"w":-0.8249343037605286},"size":7.077969074249268,"orthographic":false}